flow_id,name,group_name,hop_class,src,dst,data_path,credit_path,credit_hops,uses_bottleneck_tor1_to_tor2,start_s,fct_s,throughput_bps,data_packets_sent,data_packets_received,credits_sent,credits_received,credit_loss_proxy,credit_delivery_ratio,credit_hop_cost_sent,credit_hop_cost_received,credit_hop_loss_cost,retransmissions,timeouts,duplicate_data,duplicate_credits,path_len_0,path_len_1,path_len_2,path_len_3
1,long-r0-far-000,long-r0-far,long,3,0,3->0,0->1->2->3,3,True,0.0001,0.000149,3518711409.395973,64,64,64,64,0,1.0,192,192,0,0,0,0,0,64,0,0,0
2,long-r0-far-001,long-r0-far,long,3,0,3->0,0->1->2->3,3,True,0.0001,nan,nan,8,1,17,16,1,0.9411764705882353,51,48,3,0,0,0,0,1,0,0,0
3,long-r0-far-002,long-r0-far,long,3,0,3->0,0->1->2->3,3,True,0.0001,0.00015,3495253333.3333335,64,64,64,64,0,1.0,192,192,0,0,0,0,0,64,0,0,0
4,long-r0-far-003,long-r0-far,long,3,0,3->0,0->1->2->3,3,True,0.0001,nan,nan,14,14,30,28,2,0.9333333333333333,90,84,6,0,0,0,6,14,0,0,0
5,long-r0-far-004,long-r0-far,long,3,0,3->0,0->1->2->3,3,True,0.0001,nan,nan,8,8,24,23,1,0.9583333333333334,72,69,3,0,0,0,7,8,0,0,0
6,long-r0-far-005,long-r0-far,long,3,0,3->0,0->1->2->3,3,True,0.0001,nan,nan,10,10,26,24,2,0.9230769230769231,78,72,6,0,0,0,6,10,0,0,0
7,long-r0-far-006,long-r0-far,long,3,0,3->0,0->1->2->3,3,True,0.0001,nan,nan,18,17,33,33,0,1.0,99,99,0,0,0,0,6,17,0,0,0
8,long-r0-far-007,long-r0-far,long,3,0,3->0,0->1->2->3,3,True,0.0001,nan,nan,10,3,19,18,1,0.9473684210526315,57,54,3,0,0,0,0,3,0,0,0
9,long-r0-far-008,long-r0-far,long,3,0,3->0,0->1->2->3,3,True,0.0001,nan,nan,8,0,16,16,0,1.0,48,48,0,0,0,0,0,0,0,0,0
10,long-r0-far-009,long-r0-far,long,3,0,3->0,0->1->2->3,3,True,0.0001,nan,nan,8,0,16,15,1,0.9375,48,45,3,0,0,0,0,0,0,0,0
11,long-r0-far-010,long-r0-far,long,3,0,3->0,0->1->2->3,3,True,0.0001,nan,nan,8,0,16,16,0,1.0,48,48,0,0,0,0,0,0,0,0,0
12,long-r0-far-011,long-r0-far,long,3,0,3->0,0->1->2->3,3,True,0.0001,nan,nan,62,62,66,66,0,1.0,198,198,0,0,0,0,2,62,0,0,0
13,long-r0-far-012,long-r0-far,long,3,0,3->0,0->1->2->3,3,True,0.0001,nan,nan,10,4,20,20,0,1.0,60,60,0,0,0,0,0,4,0,0,0
14,long-r0-far-013,long-r0-far,long,3,0,3->0,0->1->2->3,3,True,0.0001,nan,nan,8,0,16,16,0,1.0,48,48,0,0,0,0,0,0,0,0,0
15,long-r0-far-014,long-r0-far,long,3,0,3->0,0->1->2->3,3,True,0.0001,nan,nan,8,0,16,15,1,0.9375,48,45,3,0,0,0,0,0,0,0,0
16,long-r0-far-015,long-r0-far,long,3,0,3->0,0->1->2->3,3,True,0.0001,nan,nan,8,0,16,16,0,1.0,48,48,0,0,0,0,0,0,0,0,0
17,long-r1-far-000,long-r1-far,long,3,1,3->1,1->2->3,2,True,0.0001,nan,nan,16,8,24,24,0,1.0,48,48,0,0,0,0,0,8,0,0,0
18,long-r1-far-001,long-r1-far,long,3,1,3->1,1->2->3,2,True,0.0001,nan,nan,16,8,24,24,0,1.0,48,48,0,0,0,0,0,8,0,0,0
19,long-r1-far-002,long-r1-far,long,3,1,3->1,1->2->3,2,True,0.0001,nan,nan,16,9,25,25,0,1.0,50,50,0,0,0,0,0,9,0,0,0
20,long-r1-far-003,long-r1-far,long,3,1,3->1,1->2->3,2,True,0.0001,nan,nan,31,30,46,46,0,1.0,92,92,0,0,0,0,6,30,0,0,0
21,long-r1-far-004,long-r1-far,long,3,1,3->1,1->2->3,2,True,0.0001,nan,nan,24,19,35,35,0,1.0,70,70,0,0,0,0,0,19,0,0,0
22,long-r1-far-005,long-r1-far,long,3,1,3->1,1->2->3,2,True,0.0001,nan,nan,23,22,38,38,0,1.0,76,76,0,0,0,0,6,22,0,0,0
23,long-r1-far-006,long-r1-far,long,3,1,3->1,1->2->3,2,True,0.0001,nan,nan,16,8,24,24,0,1.0,48,48,0,0,0,0,0,8,0,0,0
24,long-r1-far-007,long-r1-far,long,3,1,3->1,1->2->3,2,True,0.0001,nan,nan,12,8,24,22,2,0.9166666666666666,48,44,4,0,0,0,0,8,0,0,0
25,long-r1-far-008,long-r1-far,long,3,1,3->1,1->2->3,2,True,0.0001,nan,nan,8,0,16,16,0,1.0,32,32,0,0,0,0,0,0,0,0,0
26,long-r1-far-009,long-r1-far,long,3,1,3->1,1->2->3,2,True,0.0001,nan,nan,8,0,16,15,1,0.9375,32,30,2,0,0,0,0,0,0,0,0
27,long-r1-far-010,long-r1-far,long,3,1,3->1,1->2->3,2,True,0.0001,nan,nan,8,0,16,16,0,1.0,32,32,0,0,0,0,0,0,0,0,0
28,long-r1-far-011,long-r1-far,long,3,1,3->1,1->2->3,2,True,0.0001,nan,nan,8,0,16,16,0,1.0,32,32,0,0,0,0,0,0,0,0,0
29,long-r1-far-012,long-r1-far,long,3,1,3->1,1->2->3,2,True,0.0001,nan,nan,8,0,16,15,1,0.9375,32,30,2,0,0,0,0,0,0,0,0
30,long-r1-far-013,long-r1-far,long,3,1,3->1,1->2->3,2,True,0.0001,nan,nan,8,0,16,15,1,0.9375,32,30,2,0,0,0,0,0,0,0,0
31,long-r1-far-014,long-r1-far,long,3,1,3->1,1->2->3,2,True,0.0001,nan,nan,8,0,16,15,1,0.9375,32,30,2,0,0,0,0,0,0,0,0
32,long-r1-far-015,long-r1-far,long,3,1,3->1,1->2->3,2,True,0.0001,nan,nan,8,7,23,22,1,0.9565217391304348,46,44,2,0,0,0,5,7,0,0,0
33,short-r0-near-000,short-r0-near,short,1,0,1->0,0->1,1,False,0.000105,nan,nan,24,16,32,32,0,1.0,32,32,0,0,0,0,0,16,0,0,0
34,short-r0-near-001,short-r0-near,short,1,0,1->0,0->1,1,False,0.000105,nan,nan,24,16,32,32,0,1.0,32,32,0,0,0,0,0,16,0,0,0
35,short-r0-near-002,short-r0-near,short,1,0,1->0,0->1,1,False,0.000105,nan,nan,24,16,32,32,0,1.0,32,32,0,0,0,0,0,16,0,0,0
36,short-r0-near-003,short-r0-near,short,1,0,1->0,0->1,1,False,0.000105,nan,nan,24,16,32,32,0,1.0,32,32,0,0,0,0,0,16,0,0,0
37,short-r0-near-004,short-r0-near,short,1,0,1->0,0->1,1,False,0.000105,nan,nan,24,22,38,38,0,1.0,38,38,0,0,0,0,4,22,0,0,0
38,short-r0-near-005,short-r0-near,short,1,0,1->0,0->1,1,False,0.000105,7.8e-05,6721641025.641026,64,64,64,64,0,1.0,64,64,0,0,0,0,0,64,0,0,0
39,short-r0-near-006,short-r0-near,short,1,0,1->0,0->1,1,False,0.000105,nan,nan,33,33,49,48,1,0.9795918367346939,49,48,1,0,0,0,7,33,0,0,0
40,short-r0-near-007,short-r0-near,short,1,0,1->0,0->1,1,False,0.000105,nan,nan,14,14,30,28,2,0.9333333333333333,30,28,2,0,0,0,6,14,0,0,0
41,short-r0-near-008,short-r0-near,short,1,0,1->0,0->1,1,False,0.000105,nan,nan,8,8,24,23,1,0.9583333333333334,24,23,1,0,0,0,7,8,0,0,0
42,short-r0-near-009,short-r0-near,short,1,0,1->0,0->1,1,False,0.000105,nan,nan,20,20,36,34,2,0.9444444444444444,36,34,2,0,0,0,6,20,0,0,0
43,short-r0-near-010,short-r0-near,short,1,0,1->0,0->1,1,False,0.000105,8.2e-05,6393756097.560975,64,64,64,64,0,1.0,64,64,0,0,0,0,0,64,0,0,0
44,short-r0-near-011,short-r0-near,short,1,0,1->0,0->1,1,False,0.000105,8.3e-05,6316722891.566265,64,64,64,64,0,1.0,64,64,0,0,0,0,0,64,0,0,0
45,short-r0-near-012,short-r0-near,short,1,0,1->0,0->1,1,False,0.000105,nan,nan,14,10,26,26,0,1.0,26,26,0,0,0,0,2,10,0,0,0
46,short-r0-near-013,short-r0-near,short,1,0,1->0,0->1,1,False,0.000105,nan,nan,8,3,19,19,0,1.0,19,19,0,0,0,0,0,3,0,0,0
47,short-r0-near-014,short-r0-near,short,1,0,1->0,0->1,1,False,0.000105,nan,nan,16,8,24,24,0,1.0,24,24,0,0,0,0,0,8,0,0,0
48,short-r0-near-015,short-r0-near,short,1,0,1->0,0->1,1,False,0.000105,nan,nan,16,8,24,24,0,1.0,24,24,0,0,0,0,0,8,0,0,0
49,short-r1-near-000,short-r1-near,short,2,1,2->1,1->2,1,True,0.000105,7.8e-05,6721641025.641026,64,64,64,64,0,1.0,64,64,0,0,0,0,0,64,0,0,0
50,short-r1-near-001,short-r1-near,short,2,1,2->1,1->2,1,True,0.000105,7.9e-05,6636556962.025317,64,64,64,64,0,1.0,64,64,0,0,0,0,0,64,0,0,0
51,short-r1-near-002,short-r1-near,short,2,1,2->1,1->2,1,True,0.000105,8.1e-05,6472691358.024691,64,64,64,64,0,1.0,64,64,0,0,0,0,0,64,0,0,0
52,short-r1-near-003,short-r1-near,short,2,1,2->1,1->2,1,True,0.000105,nan,nan,18,18,34,31,3,0.9117647058823529,34,31,3,0,0,0,5,18,0,0,0
53,short-r1-near-004,short-r1-near,short,2,1,2->1,1->2,1,True,0.000105,nan,nan,32,28,44,44,0,1.0,44,44,0,0,0,0,0,28,0,0,0
54,short-r1-near-005,short-r1-near,short,2,1,2->1,1->2,1,True,0.000105,nan,nan,22,20,36,36,0,1.0,36,36,0,0,0,0,4,20,0,0,0
55,short-r1-near-006,short-r1-near,short,2,1,2->1,1->2,1,True,0.000105,nan,nan,11,3,19,19,0,1.0,19,19,0,0,0,0,0,3,0,0,0
56,short-r1-near-007,short-r1-near,short,2,1,2->1,1->2,1,True,0.000105,nan,nan,8,0,16,16,0,1.0,16,16,0,0,0,0,0,0,0,0,0
57,short-r1-near-008,short-r1-near,short,2,1,2->1,1->2,1,True,0.000105,nan,nan,8,0,16,16,0,1.0,16,16,0,0,0,0,0,0,0,0,0
58,short-r1-near-009,short-r1-near,short,2,1,2->1,1->2,1,True,0.000105,nan,nan,8,0,16,16,0,1.0,16,16,0,0,0,0,0,0,0,0,0
59,short-r1-near-010,short-r1-near,short,2,1,2->1,1->2,1,True,0.000105,nan,nan,8,0,16,16,0,1.0,16,16,0,0,0,0,0,0,0,0,0
60,short-r1-near-011,short-r1-near,short,2,1,2->1,1->2,1,True,0.000105,nan,nan,8,0,16,14,2,0.875,16,14,2,0,0,0,0,0,0,0,0
61,short-r1-near-012,short-r1-near,short,2,1,2->1,1->2,1,True,0.000105,nan,nan,8,0,16,15,1,0.9375,16,15,1,0,0,0,0,0,0,0,0
62,short-r1-near-013,short-r1-near,short,2,1,2->1,1->2,1,True,0.000105,nan,nan,8,0,16,15,1,0.9375,16,15,1,0,0,0,0,0,0,0,0
63,short-r1-near-014,short-r1-near,short,2,1,2->1,1->2,1,True,0.000105,nan,nan,16,8,24,24,0,1.0,24,24,0,0,0,0,0,8,0,0,0
64,short-r1-near-015,short-r1-near,short,2,1,2->1,1->2,1,True,0.000105,nan,nan,16,8,24,24,0,1.0,24,24,0,0,0,0,0,8,0,0,0
